Version,Ctime
omp,1.7825849410146475
pyomp,4.423549667000771
omp,2.013106002472341
pyomp,4.436984379775822
omp,1.7821193356066942
pyomp,4.642889115959406
omp,1.7845161072909832
pyomp,4.409361785277724
omp,1.790390175767243
pyomp,4.45125450566411
omp,1.7864243537187576
pyomp,4.42015106510371
omp,2.012783489190042
pyomp,4.416497525759041
omp,1.7813931806012988
pyomp,4.43135514203459
omp,1.790112067013979
pyomp,4.426263267174363
omp,1.7939654774963856
pyomp,4.429376455955207
